{
  "version": 1,
  "author": "Joshua Lillington",
  "editor": "wokwi",
  "parts": [
    { "type": "wokwi-arduino-mega", "id": "mega", "top": 0, "left": 0, "attrs": {} },
    {
      "type": "wokwi-led",
      "id": "led1",
      "top": -212.04,
      "left": 162.21,
      "attrs": { "color": "red" }
    },
    {
      "type": "wokwi-resistor",
      "id": "r1",
      "top": -147.87,
      "left": 205.46,
      "attrs": { "value": "1000" }
    }
  ],
  "connections": [
    [ "led1:A", "r1:1", "green", [ "v0" ] ],
    [ "led1:C", "mega:GND.1", "green", [ "h-57.92", "v115.69", "h-0.29" ] ],
    [ "r1:2", "mega:10", "green", [ "v0" ] ]
  ],
  "dependencies": {}
}