{
  "version": 1,
  "author": "Joshua Lillington",
  "editor": "wokwi",
  "parts": [
    { "type": "wokwi-arduino-mega", "id": "mega", "top": 0, "left": 0, "attrs": {} },
    {
      "type": "wokwi-buzzer",
      "id": "bz1",
      "top": -319.07,
      "left": 257.14,
      "attrs": { "volume": "0.1" }
    },
    {
      "type": "wokwi-led",
      "id": "led1",
      "top": -264.73,
      "left": 68.81,
      "attrs": { "color": "red" }
    },
    {
      "type": "wokwi-resistor",
      "id": "r1",
      "top": -185.79,
      "left": 92.25,
      "attrs": { "value": "1000" }
    }
  ],
  "connections": [
    [ "bz1:1", "mega:GND.1", "orange", [ "v171.43", "h-183.31", "v72.64" ] ],
    [ "mega:8", "bz1:2", "orange", [ "v-221.53", "h117.14" ] ],
    [ "led1:A", "r1:1", "green", [ "v0" ] ],
    [ "r1:2", "mega:9", "green", [ "v0" ] ],
    [ "led1:C", "mega:GND.1", "green", [ "v0" ] ]
  ],
  "dependencies": {}
}