{
  "version": 1,
  "author": "Joshua Lillington",
  "editor": "wokwi",
  "parts": [
    { "type": "wokwi-arduino-uno", "id": "uno", "top": 10.83, "left": -106.63, "attrs": {} },
    { "type": "board-ssd1306", "id": "oled1", "top": 252.43, "left": -72, "attrs": {} },
    { "type": "wokwi-mpu6050", "id": "imu1", "top": 285.76, "left": 92.84, "attrs": {} }
  ],
  "connections": [
    [ "oled1:VCC", "uno:5V", "red", [ "v-42.37", "h80.63" ] ],
    [ "oled1:SDA", "uno:A4", "gray", [ "v-36.34", "h147.35" ] ],
    [ "oled1:SCL", "uno:A5", "gray", [ "v-27.35", "h166.68" ] ],
    [ "oled1:GND", "uno:GND.2", "black", [ "v-18.42", "h99.58" ] ],
    [ "imu1:VCC", "uno:5V", "red", [ "v-60.48", "h-129.82" ] ],
    [ "imu1:GND", "uno:GND.3", "black", [ "v-42.01", "h-101.22" ] ],
    [ "imu1:SCL", "uno:A5", "green", [ "v0" ] ],
    [ "imu1:SDA", "uno:A4", "green", [ "v0" ] ]
  ],
  "dependencies": {}
}