{
  "version": 1,
  "author": "Joshua Lillington",
  "editor": "wokwi",
  "parts": [
    { "type": "wokwi-arduino-mega", "id": "mega", "top": -2.93, "left": 109.47, "attrs": {} },
    {
      "type": "wokwi-led-bar-graph",
      "id": "bargraph1",
      "top": -275.39,
      "left": 219.52,
      "attrs": { "color": "lime" }
    },
    {
      "type": "wokwi-pushbutton",
      "id": "btn1",
      "top": 240.22,
      "left": 58.21,
      "attrs": { "color": "green" }
    },
    {
      "type": "wokwi-pushbutton",
      "id": "btn2",
      "top": 356.58,
      "left": 30.56,
      "attrs": { "color": "red", "bounce": "1" }
    },
    {
      "type": "wokwi-pushbutton",
      "id": "btn3",
      "top": 361.92,
      "left": 420.15,
      "attrs": { "color": "blue" }
    },
    {
      "type": "wokwi-pushbutton",
      "id": "btn4",
      "top": 440.6,
      "left": 414.64,
      "attrs": { "color": "yellow" }
    },
    {
      "type": "wokwi-resistor",
      "id": "r1",
      "top": -134.03,
      "left": 255.69,
      "attrs": { "value": "1000" }
    },
    {
      "type": "wokwi-resistor",
      "id": "r2",
      "top": 243.56,
      "left": 438.1,
      "attrs": { "value": "1000" }
    },
    {
      "type": "wokwi-resistor",
      "id": "r3",
      "top": -156.98,
      "left": 141.91,
      "attrs": { "value": "1000" }
    },
    {
      "type": "wokwi-resistor",
      "id": "r4",
      "top": -118.56,
      "left": 107.78,
      "attrs": { "value": "1000" }
    },
    {
      "type": "wokwi-resistor",
      "id": "r5",
      "top": 371.75,
      "left": 284.62,
      "attrs": { "value": "1000" }
    },
    {
      "type": "wokwi-resistor",
      "id": "r6",
      "top": 257.49,
      "left": 582.29,
      "attrs": { "value": "1000" }
    },
    {
      "type": "wokwi-resistor",
      "id": "r7",
      "top": 326.76,
      "left": 506.6,
      "attrs": { "value": "1000" }
    }
  ],
  "connections": [
    [ "bargraph1:C10", "mega:GND.1", "green", [ "v11.01", "h-43.03" ] ],
    [ "bargraph1:A10", "r1:1", "green", [ "h12.18", "v58.67" ] ],
    [ "r1:2", "mega:8", "green", [ "v0" ] ],
    [ "r2:2", "mega:GND.2", "green", [ "v-44.17", "h-213.18" ] ],
    [ "btn1:2.r", "r2:1", "green", [ "h0" ] ],
    [ "btn1:1.l", "mega:5V", "green", [ "v-47.65", "h215.76" ] ],
    [ "r2:1", "mega:1", "green", [ "v-267.52", "h-78.86" ] ],
    [ "btn2:1.l", "mega:5V", "red", [ "v-35.97", "h214.09", "v-153.11" ] ],
    [ "btn2:2.r", "r5:1", "red", [ "h0" ] ],
    [ "r5:2", "mega:GND.2", "red", [ "v0" ] ],
    [ "r5:1", "mega:2", "red", [ "h-24.17", "v-350.27", "h87.02" ] ],
    [ "r4:1", "bargraph1:A9", "red", [ "v0" ] ],
    [ "r4:2", "mega:9", "red", [ "v133.45", "h73.15" ] ],
    [ "bargraph1:C9", "mega:GND.1", "red", [ "h-21", "v205.84" ] ],
    [ "btn3:1.l", "mega:5V", "blue", [ "v-38.39", "h-100.36", "v-114.73", "h-36.8", "v-41.56" ] ],
    [ "r7:2", "mega:GND.2", "blue", [ "v-134.53", "h-281.68" ] ],
    [ "r7:1", "mega:3", "blue", [ "v-359.03", "h-168.63" ] ],
    [ "btn3:2.r", "r7:1", "blue", [ "h0" ] ],
    [ "bargraph1:A8", "r3:1", "blue", [ "h0" ] ],
    [ "r3:2", "mega:10", "blue", [ "v135.1", "h66.26" ] ],
    [ "bargraph1:C8", "mega:GND.1", "blue", [ "h-10.38", "v196.18", "h-14.05" ] ],
    [ "btn4:1.l", "mega:5V", "gold", [ "h0" ] ],
    [ "r6:1", "btn4:2.r", "gold", [ "v0" ] ],
    [ "r6:1", "mega:4", "gold", [ "v-311.01", "h-326.93" ] ],
    [ "r6:2", "mega:GND.2", "gold", [ "v-111.42", "h-430.48" ] ]
  ],
  "dependencies": {}
}