{
  "version": 1,
  "author": "Joshua Lillington",
  "editor": "wokwi",
  "parts": [
    { "type": "wokwi-arduino-uno", "id": "uno", "top": -17.93, "left": -5.45, "attrs": {} },
    { "type": "board-ssd1306", "id": "oled1", "top": 233.35, "left": 125.98, "attrs": {} }
  ],
  "connections": [
    [ "oled1:SCL", "uno:A5", "green", [ "v-16.69", "h119.13" ] ],
    [ "oled1:SDA", "uno:A4", "green", [ "v-32.01", "h99.8" ] ],
    [ "oled1:VCC", "uno:5V", "red", [ "h0.28", "v-36.36", "h32.8" ] ],
    [ "oled1:GND", "uno:GND.2", "black", [ "v-44.18", "h19.82" ] ]
  ],
  "dependencies": {}
}