{
  "version": 1,
  "author": "Joshua Lillington",
  "editor": "wokwi",
  "parts": [
    { "type": "wokwi-arduino-uno", "id": "uno", "top": 0, "left": 0, "attrs": {} },
    { "type": "board-ssd1306", "id": "oled1", "top": 259.1, "left": 131.41, "attrs": {} }
  ],
  "connections": [
    [ "oled1:VCC", "uno:5V", "red", [ "v-51.28", "h-19.03" ] ],
    [ "oled1:GND", "uno:GND.2", "black", [ "v0" ] ],
    [ "oled1:SCL", "uno:A5", "green", [ "v-56.99", "h83.1" ] ],
    [ "oled1:SDA", "uno:A4", "green", [ "v-45.37", "h47.69" ] ]
  ],
  "dependencies": {}
}