{
  "version": 1,
  "author": "Joshua Lillington",
  "editor": "wokwi",
  "parts": [
    { "type": "wokwi-arduino-uno", "id": "uno", "top": 0.87, "left": 0, "attrs": {} },
    { "type": "board-ssd1306", "id": "oled1", "top": 253.81, "left": 89.55, "attrs": {} },
    { "type": "wokwi-ds1307", "id": "rtc1", "top": 157.89, "left": 306.53, "attrs": {} }
  ],
  "connections": [
    [ "oled1:GND", "uno:GND.2", "black", [ "v-49.63", "h41.78" ] ],
    [ "oled1:VCC", "uno:5V", "red", [ "v-55.74", "h22.83" ] ],
    [ "oled1:SDA", "uno:A4", "green", [ "v-44.38", "h89.55" ] ],
    [ "oled1:SCL", "uno:A5", "green", [ "v-31.28", "h108.88" ] ],
    [ "rtc1:SCL", "uno:A5", "orange", [ "v-0.71", "h-60.53" ] ],
    [ "rtc1:SDA", "uno:A4", "orange", [ "v-13.46", "h-70.03" ] ],
    [ "rtc1:5V", "uno:5V", "yellow", [ "h-22.43", "v-15.88", "h-133.6" ] ],
    [ "rtc1:GND", "uno:GND.3", "black", [ "v-23.84", "h-137.03" ] ]
  ],
  "dependencies": {}
}