{
  "version": 1,
  "author": "Joshua Lillington",
  "editor": "wokwi",
  "parts": [
    { "type": "wokwi-arduino-uno", "id": "uno", "top": -3.55, "left": -10.66, "attrs": {} },
    { "type": "board-ssd1306", "id": "oled1", "top": 288.98, "left": 61.09, "attrs": {} },
    {
      "type": "wokwi-pushbutton",
      "id": "btn1",
      "top": 290.42,
      "left": 202.91,
      "attrs": { "color": "green" }
    },
    {
      "type": "wokwi-resistor",
      "id": "r1",
      "top": 293.52,
      "left": 317.9,
      "attrs": { "value": "1000" }
    }
  ],
  "connections": [
    [ "oled1:SDA", "uno:A4", "green", [ "v-31.69", "h82.86" ] ],
    [ "oled1:SCL", "uno:A5", "green", [ "v-51.09", "h102.19" ] ],
    [ "oled1:VCC", "uno:5V", "red", [ "v-78.15", "h-19.14" ] ],
    [ "oled1:GND", "uno:GND.2", "black", [ "v-89.52", "h70.24" ] ],
    [ "btn1:1.l", "uno:5V", "red", [ "h-29.09", "v-125.2", "h-24.48" ] ],
    [ "btn1:2.r", "r1:1", "black", [ "h0" ] ],
    [ "r1:2", "uno:GND.2", "black", [ "v0" ] ],
    [ "btn1:2.r", "uno:2", "green", [ "h30.25", "v-316.97" ] ]
  ],
  "dependencies": {}
}