{
  "version": 1,
  "author": "Joshua Lillington",
  "editor": "wokwi",
  "parts": [
    { "type": "wokwi-arduino-uno", "id": "uno", "top": -16.84, "left": -27.37, "attrs": {} },
    {
      "type": "wokwi-led-bar-graph",
      "id": "bargraph1",
      "top": -223.89,
      "left": 29.09,
      "attrs": { "color": "lime" }
    },
    {
      "type": "wokwi-resistor",
      "id": "r1",
      "top": -229.26,
      "left": 104.8,
      "attrs": { "value": "1000" }
    },
    {
      "type": "wokwi-resistor",
      "id": "r2",
      "top": -201.67,
      "left": 105.02,
      "attrs": { "value": "1000" }
    },
    {
      "type": "wokwi-resistor",
      "id": "r3",
      "top": -211.85,
      "left": 104.42,
      "attrs": { "value": "1000" }
    },
    {
      "type": "wokwi-resistor",
      "id": "r4",
      "top": -220.83,
      "left": 104.41,
      "attrs": { "value": "1000" }
    },
    {
      "type": "wokwi-resistor",
      "id": "r5",
      "top": -170.53,
      "left": 105.64,
      "attrs": { "value": "1000" }
    },
    {
      "type": "wokwi-resistor",
      "id": "r6",
      "top": -181.91,
      "left": 105.64,
      "attrs": { "value": "1000" }
    },
    {
      "type": "wokwi-resistor",
      "id": "r7",
      "top": -192.07,
      "left": 104.44,
      "attrs": { "value": "1000" }
    },
    {
      "type": "wokwi-resistor",
      "id": "r8",
      "top": -162.13,
      "left": 105.07,
      "attrs": { "value": "1000" }
    },
    {
      "type": "wokwi-resistor",
      "id": "r9",
      "top": -152.53,
      "left": 105.09,
      "attrs": { "value": "1000" }
    },
    {
      "type": "wokwi-resistor",
      "id": "r10",
      "top": -142.93,
      "left": 103.92,
      "attrs": { "value": "1000" }
    },
    { "type": "wokwi-potentiometer", "id": "pot1", "top": 30.54, "left": 273.52, "attrs": {} },
    {
      "type": "wokwi-led",
      "id": "led1",
      "top": -195.15,
      "left": 305.85,
      "attrs": { "color": "red" }
    },
    {
      "type": "wokwi-resistor",
      "id": "r11",
      "top": -109.58,
      "left": 247.61,
      "attrs": { "value": "1000" }
    }
  ],
  "connections": [
    [ "bargraph1:C1", "r1:1", "green", [ "v0" ] ],
    [ "bargraph1:C2", "r4:1", "green", [ "h0" ] ],
    [ "bargraph1:C3", "r3:1", "green", [ "h0" ] ],
    [ "bargraph1:C4", "r2:1", "green", [ "h0" ] ],
    [ "bargraph1:C5", "r7:1", "green", [ "h0" ] ],
    [ "bargraph1:C6", "r6:1", "green", [ "h0" ] ],
    [ "bargraph1:C7", "r5:1", "green", [ "h0" ] ],
    [ "bargraph1:C8", "r8:1", "green", [ "h0" ] ],
    [ "bargraph1:C9", "r9:1", "green", [ "h0" ] ],
    [ "bargraph1:C10", "r10:1", "green", [ "h0" ] ],
    [ "r1:2", "r4:2", "green", [ "v0" ] ],
    [ "r4:2", "r3:2", "green", [ "v0" ] ],
    [ "r3:2", "r2:2", "green", [ "v0" ] ],
    [ "r2:2", "r7:2", "green", [ "v0" ] ],
    [ "r7:2", "r6:2", "green", [ "v0" ] ],
    [ "r6:2", "r5:2", "green", [ "v0" ] ],
    [ "r5:2", "r8:2", "green", [ "v0" ] ],
    [ "r8:2", "r9:2", "green", [ "v0" ] ],
    [ "r9:2", "r10:2", "green", [ "v0" ] ],
    [ "r10:2", "uno:GND.1", "green", [ "v101.32", "h-74.59" ] ],
    [ "bargraph1:A10", "bargraph1:A9", "yellow", [ "h0" ] ],
    [ "bargraph1:A9", "bargraph1:A8", "yellow", [ "h0" ] ],
    [ "bargraph1:A8", "bargraph1:A7", "yellow", [ "h0" ] ],
    [ "bargraph1:A7", "bargraph1:A6", "yellow", [ "h0" ] ],
    [ "bargraph1:A5", "bargraph1:A6", "yellow", [ "h0" ] ],
    [ "bargraph1:A5", "bargraph1:A4", "yellow", [ "h0" ] ],
    [ "bargraph1:A4", "bargraph1:A3", "yellow", [ "h0" ] ],
    [ "bargraph1:A3", "bargraph1:A2", "yellow", [ "h0" ] ],
    [ "bargraph1:A2", "bargraph1:A1", "yellow", [ "h0" ] ],
    [ "pot1:GND", "uno:GND.3", "black", [ "v107.49", "h-163.4" ] ],
    [ "pot1:SIG", "uno:A2", "white", [ "v90.86", "h-125.4" ] ],
    [ "pot1:VCC", "uno:5V", "red", [ "v121.04", "h-202.4" ] ],
    [ "bargraph1:A10", "uno:4", "yellow", [ "v28.66", "h156.24" ] ],
    [ "led1:C", "r11:2", "green", [ "v0" ] ],
    [ "r11:1", "uno:GND.1", "green", [ "v48.69", "h-159.51", "v47.4" ] ],
    [ "led1:A", "uno:3", "violet", [ "v116.67", "h-131.22" ] ]
  ],
  "dependencies": {}
}