{
  "version": 1,
  "author": "Joshua Lillington",
  "editor": "wokwi",
  "parts": [
    { "type": "wokwi-arduino-uno", "id": "uno", "top": -16.84, "left": -27.37, "attrs": {} },
    { "type": "wokwi-potentiometer", "id": "pot1", "top": 30.54, "left": 273.52, "attrs": {} },
    {
      "type": "wokwi-buzzer",
      "id": "bz1",
      "top": -245.15,
      "left": 99.28,
      "attrs": { "volume": "0.1" }
    }
  ],
  "connections": [
    [ "pot1:GND", "uno:GND.3", "black", [ "v107.49", "h-163.4" ] ],
    [ "pot1:SIG", "uno:A2", "white", [ "v90.86", "h-125.4" ] ],
    [ "pot1:VCC", "uno:5V", "red", [ "v121.04", "h-202.4" ] ],
    [ "bz1:1", "uno:GND.1", "black", [ "v47.7", "h-38.15" ] ],
    [ "bz1:2", "uno:9", "red", [ "v0" ] ]
  ],
  "dependencies": {}
}