{
  "version": 1,
  "author": "Joshua Lillington",
  "editor": "wokwi",
  "parts": [
    { "type": "wokwi-arduino-uno", "id": "uno", "top": 0, "left": 0, "attrs": {} },
    { "type": "board-ssd1306", "id": "oled1", "top": 290.11, "left": 132, "attrs": {} }
  ],
  "connections": [
    [ "oled1:SCL", "uno:A5", "green", [ "v-76.6", "h133.48" ] ],
    [ "oled1:SDA", "uno:A4", "green", [ "v-62.02", "h114.15" ] ],
    [ "oled1:GND", "uno:GND.2", "black", [ "v0" ] ],
    [ "oled1:VCC", "uno:5V", "red", [ "v-85.36", "h-19.62" ] ]
  ],
  "dependencies": {}
}