{
  "version": 1,
  "author": "Joshua Lillington",
  "editor": "wokwi",
  "parts": [
    { "type": "wokwi-arduino-uno", "id": "uno", "top": -10.53, "left": 9.8, "attrs": {} },
    {
      "type": "wokwi-pushbutton",
      "id": "btn1",
      "top": 252.73,
      "left": 188.61,
      "attrs": { "color": "green" }
    },
    {
      "type": "wokwi-resistor",
      "id": "r1",
      "top": 253.2,
      "left": 298.74,
      "attrs": { "value": "1000" }
    },
    { "type": "board-ssd1306", "id": "oled1", "top": 337.66, "left": 73.38, "attrs": {} }
  ],
  "connections": [
    [ "btn1:1.l", "uno:5V", "green", [ "h0" ] ],
    [ "btn1:2.r", "r1:1", "green", [ "h0" ] ],
    [ "r1:2", "uno:GND.2", "green", [ "v-53.65", "h-182.61" ] ],
    [ "oled1:SCL", "uno:A5", "white", [ "v-107.14", "h158.12" ] ],
    [ "oled1:SDA", "uno:A4", "white", [ "v-116.77", "h163.86" ] ],
    [ "oled1:VCC", "uno:5V", "red", [ "v-145.06", "h44.43" ] ],
    [ "oled1:GND", "uno:GND.2", "black", [ "v-172.68", "h63.38" ] ],
    [ "btn1:2.r", "uno:2", "green", [ "h33.72", "v-286.26" ] ]
  ],
  "dependencies": {}
}